2026-08-30,00779a1c7354cf3b6fa5a0f354370d0d1e311781,100
2026-08-30,d545767438144adea02e115e4c5cbe0e1bb38d92,100
2026-08-30,2df176e30a2a46e2fe3a71e61f4b1d0d8eb4cb3f,100
2026-08-30,7b4caad5744a37536d8b6f539f8b500a2eeefc41,100
2026-08-30,dae41f876f0733999a77cef4fcf233eadf274bca,100
2026-08-30,2b712bb540ba38d788a89f043cf795db932a43a1,100
2026-08-30,752b6cdb34d21c0e9b8a1199ec03932f051bd34d,100
2026-08-30,f4937799aadedc766f5bbac6d37fc9e2cc25b9c9,100
2026-08-30,a5fa4bb2c269d94409da50eb27cfa5de88536e1b,100
2026-08-30,8b8423968e0925f5cb3ac88a949f738fa6b0ef0b,100
